,City,Lat,Lng,Max Temp,Humidity,Cloudiness,Wind Speed,Current Description,Country,Rain (inches),Snow (inches)
0,Bluff,-46.6,168.33,49.55,77,93,19.82,light rain,NZ,0.15,0
1,Hobart,-42.88,147.33,39.0,100,0,5.82,clear sky,AU,0.0,0
2,Santa Rosa,14.31,121.11,84.99,78,100,4.0,light rain,PH,0.33,0
3,East London,-33.02,27.91,77.94,33,98,14.23,overcast clouds,ZA,0.0,0
4,Uruzgan,32.83,66.0,68.07,20,0,1.63,clear sky,AF,0.0,0
5,Usinsk,65.99,57.53,79.81,62,0,11.52,light rain,RU,0.13,0
6,Ushuaia,-54.8,-68.3,37.4,74,20,3.36,few clouds,AR,0.0,0
7,Hilo,19.73,-155.09,73.4,73,90,6.22,overcast clouds,US,0.0,0
8,Nambucca Heads,-30.65,153.0,57.2,87,90,3.36,overcast clouds,AU,0.0,0
9,Hong Gai,20.96,107.09,87.8,79,100,14.99,moderate rain,VN,2.5,0
10,Sambava,-14.27,50.17,71.33,79,32,18.1,light rain,MG,0.12,0
11,Jamestown,42.1,-79.24,84.2,62,1,4.7,clear sky,US,0.0,0
12,Hithadhoo,-0.6,73.08,85.21,68,100,3.51,overcast clouds,MV,0.0,0
13,Dikson,73.51,80.55,44.22,83,0,16.75,clear sky,RU,0.0,0
14,Barrow,71.29,-156.79,35.6,93,90,10.29,mist,US,0.0,0
15,Mataura,-46.19,168.86,41.74,92,94,5.35,overcast clouds,NZ,0.0,0
16,Lorengau,-2.02,147.27,82.31,77,87,9.66,overcast clouds,PG,0.0,0
17,Ancud,-41.87,-73.82,51.01,81,75,11.41,broken clouds,CL,0.0,0
18,Pevek,69.7,170.31,48.25,71,91,4.68,overcast clouds,RU,0.0,0
19,Kapaa,22.08,-159.32,77.0,83,90,14.99,moderate rain,US,2.03,0
20,Tiznit,29.58,-9.5,82.67,28,0,9.69,clear sky,MA,0.0,0
21,Victoria,22.29,114.16,86.0,74,100,11.01,overcast clouds,HK,0.0,0
22,Pisco,-13.7,-76.22,64.4,72,90,6.93,overcast clouds,PE,0.0,0
23,Bandar,2.05,99.75,73.8,92,100,1.19,light rain,ID,0.56,0
24,Sulangan,11.14,123.72,84.45,72,41,7.38,light rain,PH,0.13,0
25,Lebu,-37.62,-73.65,53.33,93,100,23.33,light rain,CL,0.2,0
26,Yellowknife,62.46,-114.35,60.8,63,75,4.7,broken clouds,CA,0.0,0
27,New Norfolk,-42.78,147.06,36.0,91,2,2.91,clear sky,AU,0.0,0
28,Port Hedland,-20.32,118.57,60.8,23,0,8.05,clear sky,AU,0.0,0
29,Puerto Ayora,-0.74,-90.35,68.0,95,98,5.99,overcast clouds,EC,0.0,0
30,Hermanus,-34.42,19.23,54.0,87,100,5.01,moderate rain,ZA,3.09,0
31,Rikitea,-23.12,-134.97,68.2,63,14,16.51,few clouds,PF,0.0,0
32,Sangamner,19.57,74.22,78.12,75,100,7.54,overcast clouds,IN,0.0,0
33,Petropavlovsk-Kamchatskiy,53.05,158.65,55.4,100,90,0.63,mist,RU,0.0,0
34,Saint-Louis,16.33,-15.0,104.0,29,36,4.7,scattered clouds,SN,0.0,0
35,Geraldton,-28.77,114.6,44.6,87,1,4.7,clear sky,AU,0.0,0
36,Benjamin Aceval,-24.97,-57.57,59.0,67,75,4.7,broken clouds,PY,0.0,0
37,Klaksvik,62.23,-6.59,51.8,76,100,13.87,overcast clouds,FO,0.0,0
38,Carutapera,-1.2,-46.02,83.53,81,5,7.2,light rain,BR,0.74,0
39,Lasa,46.62,10.7,69.8,56,20,9.17,few clouds,IT,0.0,0
40,Provideniya,64.38,-173.3,49.86,85,29,1.07,scattered clouds,RU,0.0,0
41,Ixtapa,20.7,-105.2,82.99,78,75,2.24,broken clouds,MX,0.0,0
42,Cape Town,-33.93,18.42,55.0,93,75,17.22,heavy intensity rain,ZA,6.86,0
43,Qaanaaq,77.48,-69.36,48.02,51,15,5.93,few clouds,GL,0.0,0
44,Cocorit,27.58,-109.97,89.6,43,90,14.99,overcast clouds,MX,0.0,0
45,Saint-Francois,46.42,3.91,93.2,26,21,6.93,few clouds,FR,0.0,0
46,Moron,-34.65,-58.62,60.01,47,32,11.41,scattered clouds,AR,0.0,0
47,Ribeira Grande,38.52,-28.7,73.4,60,40,5.82,scattered clouds,PT,0.0,0
48,Bereznik,62.86,42.71,61.34,95,91,8.21,light rain,RU,0.99,0
49,Kaspiyskiy,45.39,47.37,86.58,43,65,6.08,broken clouds,RU,0.0,0
50,Flinders,-34.58,150.86,55.99,90,100,1.01,overcast clouds,AU,0.0,0
51,Punta Arenas,-53.15,-70.92,35.6,74,75,23.04,broken clouds,CL,0.0,0
52,Sao Filipe,14.9,-24.5,76.86,84,8,19.37,clear sky,CV,0.0,0
53,Port Alfred,-33.59,26.89,72.0,51,76,5.99,broken clouds,ZA,0.0,0
54,Haines Junction,60.75,-137.51,58.95,52,82,1.12,broken clouds,CA,0.0,0
55,Nhulunbuy,-12.23,136.77,75.2,83,90,10.29,overcast clouds,AU,0.0,0
56,Tasiilaq,65.61,-37.64,53.6,46,40,19.46,scattered clouds,GL,0.0,0
57,Twentynine Palms,34.14,-116.05,90.0,11,1,1.28,clear sky,US,0.0,0
58,Tuktoyaktuk,69.45,-133.04,37.4,74,90,9.17,overcast clouds,CA,0.0,0
59,Mozarlandia,-14.74,-50.57,90.18,25,0,4.5,clear sky,BR,0.0,0
60,Avarua,-21.21,-159.78,75.2,69,63,13.87,broken clouds,CK,0.0,0
61,Amot,59.57,7.99,68.0,37,75,2.24,shower rain,NO,0.0,0
62,Meulaboh,4.14,96.13,77.95,81,100,5.44,overcast clouds,ID,0.0,0
63,Guerrero Negro,27.98,-114.06,76.03,53,49,6.82,scattered clouds,MX,0.0,0
64,Katherine,-14.47,132.27,73.4,49,0,8.05,clear sky,AU,0.0,0
65,Nikolskoye,59.7,30.79,64.4,52,20,8.95,few clouds,RU,0.0,0
66,Albany,42.6,-73.97,86.0,77,3,2.73,clear sky,US,0.0,0
67,Iqaluit,63.75,-68.51,44.01,93,75,6.93,broken clouds,CA,0.0,0
68,Port Elizabeth,-33.92,25.57,69.8,43,64,18.34,broken clouds,ZA,0.0,0
69,Caravelas,-17.71,-39.25,81.59,57,0,8.59,clear sky,BR,0.0,0
70,Alugan,12.22,125.48,81.36,79,38,4.99,scattered clouds,PH,0.0,0
71,Thompson,55.74,-97.86,62.6,88,75,13.87,broken clouds,CA,0.0,0
72,Comodoro Rivadavia,-45.87,-67.5,44.6,70,100,3.36,overcast clouds,AR,0.0,0
73,Fairbanks,64.84,-147.72,55.4,93,90,3.36,overcast clouds,US,0.0,0
74,Zhanaozen,43.3,52.8,92.08,20,67,16.08,broken clouds,KZ,0.0,0
75,Port Hardy,50.7,-127.42,57.2,93,75,4.7,broken clouds,CA,0.0,0
76,Simao,22.79,100.97,66.88,95,100,2.66,overcast clouds,CN,0.0,0
77,Sakaiminato,35.55,133.23,77.0,88,75,2.24,broken clouds,JP,0.0,0
78,Kudahuvadhoo,2.67,72.89,84.22,73,100,6.93,overcast clouds,MV,0.0,0
79,Kwinana,-32.25,115.77,59.0,100,4,9.1,clear sky,AU,0.0,0
80,Mwinilunga,-11.74,24.43,66.09,35,0,3.09,clear sky,ZM,0.0,0
81,Xuchang,34.02,113.82,75.2,83,1,4.47,clear sky,CN,0.0,0
82,Santa Helena,-2.23,-45.3,91.56,44,47,5.1,scattered clouds,BR,0.0,0
83,Faanui,-16.48,-151.75,76.17,80,37,24.74,scattered clouds,PF,0.0,0
84,Lenine,45.3,35.78,74.05,43,0,7.56,clear sky,UA,0.0,0
85,Arraial Do Cabo,-22.97,-42.03,80.6,65,1,17.22,clear sky,BR,0.0,0
86,Namibe,-15.2,12.15,71.6,73,0,13.87,clear sky,AO,0.0,0
87,Severo-Kurilsk,50.68,156.12,48.88,93,100,16.87,moderate rain,RU,1.1,0
88,Wattegama,6.8,81.48,78.8,100,20,2.24,few clouds,LK,0.0,0
89,Mount Gambier,-37.83,140.77,41.0,93,40,4.7,scattered clouds,AU,0.0,0
90,Laguna,38.42,-121.42,75.0,49,5,4.41,clear sky,US,0.0,0
91,Cherskiy,68.75,161.3,55.67,91,98,1.01,light rain,RU,0.23,0
92,Port-Gentil,-0.72,8.78,78.8,78,75,11.41,broken clouds,GA,0.0,0
93,Kavieng,-2.57,150.8,82.42,78,17,11.88,few clouds,PG,0.0,0
94,Ostrovnoy,68.05,39.51,53.11,93,97,9.24,light rain,RU,0.16,0
95,Te Anau,-45.42,167.72,36.34,87,43,1.03,scattered clouds,NZ,0.0,0
96,Atuona,-9.8,-139.03,79.39,76,11,13.98,few clouds,PF,0.0,0
97,Cabo San Lucas,22.89,-109.91,86.0,69,20,11.41,few clouds,MX,0.0,0
98,Agboville,5.93,-4.21,77.45,84,94,6.29,light rain,CI,0.18,0
99,Igarka,67.47,86.58,61.39,61,83,12.77,broken clouds,RU,0.0,0
100,Cockburn Town,21.46,-71.14,86.0,74,40,12.75,scattered clouds,TC,0.0,0
101,Weymouth,42.22,-70.94,89.01,65,93,3.36,light rain,US,0.19,0
102,Chuy,-33.7,-53.46,51.98,66,47,14.52,scattered clouds,UY,0.0,0
103,Mar Del Plata,-38.0,-57.56,50.0,53,1,11.41,clear sky,AR,0.0,0
104,Vanimo,-2.67,141.3,77.95,86,93,6.62,overcast clouds,PG,0.0,0
105,Cayenne,4.93,-52.33,86.0,70,64,8.05,thunderstorm,GF,0.0,0
106,Lompoc,34.64,-120.46,57.2,93,90,5.14,overcast clouds,US,0.0,0
107,Deer Lake,49.17,-57.43,57.2,82,90,9.17,light rain,CA,0.0,0
108,Norman Wells,65.28,-126.83,55.4,71,75,2.24,broken clouds,CA,0.0,0
109,Butaritari,3.07,172.79,82.99,76,4,14.45,light rain,KI,0.14,0
110,Chifeng,42.27,118.96,66.52,70,88,1.43,overcast clouds,CN,0.0,0
111,Ordzhonikidze,52.44,61.74,72.75,59,0,4.47,clear sky,KZ,0.0,0
112,Bathsheba,13.22,-59.52,87.8,62,40,21.92,scattered clouds,BB,0.0,0
113,Touros,-5.2,-35.46,82.4,74,75,11.41,shower rain,BR,0.0,0
114,Port Macquarie,-31.43,152.92,48.99,97,100,5.95,overcast clouds,AU,0.0,0
115,Bandarbeyla,9.49,50.81,79.7,71,100,33.76,overcast clouds,SO,0.0,0
116,Vaini,-21.2,-175.2,71.6,88,75,5.82,broken clouds,TO,0.0,0
117,Saldanha,-33.01,17.94,53.6,93,100,9.17,light rain,ZA,0.88,0
118,Port-Cartier,50.03,-66.87,64.4,88,75,6.93,broken clouds,CA,0.0,0
119,Saint-Philippe,-21.36,55.77,69.8,83,75,20.8,broken clouds,RE,0.0,0
120,Bubaque,11.28,-15.83,82.9,82,58,16.82,broken clouds,GW,0.0,0
121,Mahebourg,-20.41,57.7,71.6,60,20,16.11,few clouds,MU,0.0,0
122,Asfi,32.3,-9.24,71.91,72,0,20.13,clear sky,MA,0.0,0
123,Grootfontein,-19.57,18.12,60.91,31,0,7.38,clear sky,NA,0.0,0
124,Namatanai,-3.67,152.43,79.32,82,38,6.69,light rain,PG,0.28,0
125,Ozerne,50.18,28.73,63.1,82,48,1.63,scattered clouds,UA,0.0,0
126,Tautira,-17.73,-149.15,69.8,77,20,3.36,few clouds,PF,0.0,0
127,Preobrazheniye,42.9,133.91,62.8,65,0,6.58,clear sky,RU,0.0,0
128,Khatanga,71.97,102.5,56.53,61,6,18.39,clear sky,RU,0.0,0
129,Souillac,-20.52,57.52,71.6,60,20,16.11,few clouds,MU,0.0,0
130,Bani Walid,31.76,13.99,87.13,37,0,22.59,clear sky,LY,0.0,0
131,Goderich,43.75,-81.72,84.99,68,35,7.56,light rain,CA,0.33,0
132,Torbay,47.67,-52.73,64.0,59,75,6.93,broken clouds,CA,0.0,0
133,El Estor,15.53,-89.35,85.05,70,72,3.53,light rain,GT,0.61,0
134,Boende,-0.22,20.87,81.0,66,100,0.83,light rain,CD,0.15,0
135,Japura,-0.32,102.35,71.65,97,100,1.54,overcast clouds,ID,0.0,0
136,Portsmouth,50.8,-1.09,64.99,87,96,5.99,overcast clouds,GB,0.0,0
137,Rio Gallegos,-51.62,-69.22,33.8,74,49,17.22,scattered clouds,AR,0.0,0
138,Cabedelo,-6.98,-34.83,84.2,70,75,14.99,broken clouds,BR,0.0,0
139,Sept-Iles,50.2,-66.38,64.4,88,75,6.93,broken clouds,CA,0.0,0
140,Gornyye Klyuchi,45.25,133.5,58.75,93,8,1.34,clear sky,RU,0.0,0
141,Nove Mesto Na Morave,49.56,16.07,72.0,60,89,1.01,light rain,CZ,0.12,0
142,Mehamn,71.04,27.85,48.2,81,75,14.99,broken clouds,NO,0.0,0
143,Castro,-24.79,-50.01,59.56,49,92,5.55,overcast clouds,BR,0.0,0
144,Kaitangata,-46.28,169.85,48.0,74,47,7.0,scattered clouds,NZ,0.0,0
145,Antalaha,-14.9,50.28,68.9,83,37,12.15,scattered clouds,MG,0.0,0
146,Srednekolymsk,67.45,153.68,54.32,86,86,5.66,overcast clouds,RU,0.0,0
147,Aklavik,68.22,-135.01,42.8,93,90,11.41,light intensity drizzle,CA,0.0,0
148,Dong Hoi,17.48,106.6,84.81,70,100,6.73,overcast clouds,VN,0.0,0
149,Yar-Sale,66.83,70.83,59.9,64,23,8.61,few clouds,RU,0.0,0
150,Isiro,2.77,27.62,72.12,83,51,1.54,light rain,CD,0.45,0
151,Bambous Virieux,-20.34,57.76,71.6,60,20,16.11,few clouds,MU,0.0,0
152,Kismayo,-0.36,42.55,78.55,82,1,14.83,clear sky,SO,0.0,0
153,Cidreira,-30.18,-50.21,55.71,61,0,18.25,clear sky,BR,0.0,0
154,Selikhino,50.37,137.5,54.72,96,100,7.81,overcast clouds,RU,0.0,0
155,Kloulklubed,7.04,134.26,77.0,94,90,3.36,light intensity shower rain,PW,0.0,0
156,Kralendijk,12.15,-68.27,89.6,59,20,23.04,few clouds,BQ,0.0,0
157,Labuhan,-6.88,112.21,76.06,82,85,8.43,overcast clouds,ID,0.0,0
158,Kisangani,0.52,25.2,79.93,68,75,2.24,light rain,CD,0.27,0
159,Odweyne,9.41,45.06,83.21,40,66,15.68,broken clouds,SO,0.0,0
160,Kenora,49.82,-94.43,75.2,53,40,12.75,scattered clouds,CA,0.0,0
161,Pangoa,-12.12,-73.0,71.06,93,97,2.46,moderate rain,PE,1.45,0
162,Nizhniy Kuranakh,58.84,125.49,60.17,91,79,10.04,broken clouds,RU,0.0,0
163,Tiksi,71.69,128.87,33.71,94,100,8.75,overcast clouds,RU,0.0,0
164,Necochea,-38.55,-58.74,48.0,72,28,8.01,scattered clouds,AR,0.0,0
165,Fereydun Kenar,36.69,52.52,84.2,62,3,4.7,clear sky,IR,0.0,0
166,Clyde River,70.47,-68.59,50.0,76,75,11.41,broken clouds,CA,0.0,0
167,Kodiak,57.79,-152.41,57.2,67,90,10.29,overcast clouds,US,0.0,0
168,Urazovo,50.08,38.04,65.61,70,0,8.21,clear sky,RU,0.0,0
169,Liverpool,53.41,-2.98,59.0,77,75,11.41,broken clouds,GB,0.0,0
170,Puerto Escondido,15.85,-97.07,86.0,70,75,3.36,broken clouds,MX,0.0,0
171,Mehran,33.12,46.16,91.4,15,0,4.7,clear sky,IR,0.0,0
172,San Francisco,37.77,-122.42,66.0,72,1,4.7,clear sky,US,0.0,0
173,Taoudenni,22.68,-3.98,110.89,6,20,5.06,few clouds,ML,0.0,0
174,Sitka,57.05,-135.33,55.4,87,90,3.36,light rain,US,0.51,0
175,Pangnirtung,66.15,-65.71,51.8,71,75,14.99,broken clouds,CA,0.0,0
176,Coquimbo,-29.95,-71.34,60.8,55,5,3.36,clear sky,CL,0.0,0
177,Evanston,42.04,-87.69,91.99,55,20,8.05,few clouds,US,0.0,0
178,Marfino,55.7,37.38,72.0,55,76,8.95,broken clouds,RU,0.0,0
179,Carnarvon,-24.87,113.63,57.2,44,100,9.17,overcast clouds,AU,0.0,0
180,Yulara,-25.24,130.99,44.6,36,16,3.22,few clouds,AU,0.0,0
181,Nanortalik,60.14,-45.24,46.33,93,100,14.09,moderate rain,GL,3.09,0
182,Shelburne,44.08,-80.2,91.0,43,1,8.05,clear sky,CA,0.0,0
183,Deniliquin,-35.53,144.97,48.0,85,100,7.2,overcast clouds,AU,0.0,0
184,Belinskiy,52.96,43.42,64.51,94,100,9.37,light rain,RU,0.26,0
185,Nishihara,26.18,127.76,82.4,94,40,10.29,scattered clouds,JP,0.0,0
186,Broken Hill,-31.95,141.43,50.0,57,40,5.82,scattered clouds,AU,0.0,0
187,Leningradskiy,69.38,178.42,46.72,76,44,10.22,scattered clouds,RU,0.0,0
188,Bharatpur,27.22,77.48,92.05,55,94,11.97,overcast clouds,IN,0.0,0
189,Santana,-0.06,-51.18,82.4,100,75,3.36,broken clouds,BR,0.0,0
190,Komsomolskiy,40.43,71.72,84.2,21,40,4.7,scattered clouds,UZ,0.0,0
191,Kamenka,51.32,42.77,70.0,72,81,8.99,moderate rain,RU,1.28,0
192,Hasaki,35.73,140.83,73.4,100,75,9.17,broken clouds,JP,0.0,0
193,Bredasdorp,-34.53,20.04,55.4,87,100,6.93,light rain,ZA,0.3,0
194,Barabai,-2.58,115.38,73.56,93,99,1.81,overcast clouds,ID,0.0,0
195,Upernavik,72.79,-56.15,43.88,66,48,8.95,scattered clouds,GL,0.0,0
196,Margate,51.38,1.39,66.99,79,98,5.99,light rain,GB,0.38,0
197,Kavaratti,10.57,72.64,83.46,79,100,12.26,moderate rain,IN,1.72,0
198,Riviere-Au-Renard,49.0,-64.4,75.2,73,75,11.41,broken clouds,CA,0.0,0
199,San Quintin,30.48,-115.95,71.53,65,57,9.95,broken clouds,MX,0.0,0
200,Kathmandu,27.72,85.32,71.6,100,75,2.24,broken clouds,NP,0.0,0
201,Saint-Pierre,-21.34,55.48,69.8,83,75,20.8,broken clouds,RE,0.0,0
202,Bonthe,7.53,-12.51,78.24,86,97,12.3,moderate rain,SL,1.09,0
203,Palmer,42.16,-72.33,91.0,62,40,3.36,scattered clouds,US,0.0,0
204,Codroipo,45.96,12.98,86.0,44,22,3.0,few clouds,IT,0.0,0
205,Faya,18.39,42.45,78.8,44,20,11.41,few clouds,SA,0.0,0
206,Vardo,70.37,31.11,48.2,87,75,20.8,broken clouds,NO,0.0,0
207,Argentan,48.75,-0.02,82.4,42,0,16.11,clear sky,FR,0.0,0
208,Sorland,67.67,12.69,55.4,76,20,9.17,few clouds,NO,0.0,0
209,Aykhal,66.0,111.5,62.6,48,90,13.42,overcast clouds,RU,0.0,0
210,Naze,28.37,129.48,82.4,94,75,6.93,broken clouds,JP,0.0,0
211,Iquitos,-3.75,-73.25,87.8,66,20,4.7,few clouds,PE,0.0,0
212,Busselton,-33.65,115.33,43.0,85,2,8.19,clear sky,AU,0.0,0
213,Itoman,26.12,127.67,82.4,94,40,10.29,scattered clouds,JP,0.0,0
214,Vostok,46.49,135.88,53.76,100,95,1.81,light rain,RU,0.18,0
215,Saskylakh,71.92,114.08,47.98,70,58,11.03,broken clouds,RU,0.0,0
216,Bandung,-6.9,107.62,68.32,88,100,1.81,overcast clouds,ID,0.0,0
217,Seydi,39.48,62.91,90.32,16,0,10.74,clear sky,TM,0.0,0
218,Muros,42.78,-9.06,86.0,53,20,14.99,few clouds,ES,0.0,0
219,Tecoanapa,16.52,-98.75,87.53,62,100,6.44,overcast clouds,MX,0.0,0
220,Olafsvik,64.89,-23.71,52.3,68,56,11.41,broken clouds,IS,0.0,0
221,Mahajanga,-15.72,46.32,78.8,39,0,6.93,clear sky,MG,0.0,0
222,Santa Isabel Do Rio Negro,-0.41,-65.02,85.62,70,41,3.98,light rain,BR,0.79,0
223,Pyapon,16.28,95.68,79.9,86,100,6.24,overcast clouds,MM,0.0,0
224,Emporia,38.4,-96.18,73.4,78,1,10.29,clear sky,US,0.0,0
225,Bacabal,-4.29,-44.79,89.91,48,16,3.89,few clouds,BR,0.0,0
226,Broome,42.25,-75.83,88.0,61,1,2.48,clear sky,US,0.0,0
227,San Jeronimo,-11.95,-75.28,56.66,44,81,2.15,broken clouds,PE,0.0,0
228,San Cristobal,7.77,-72.22,86.0,42,40,20.8,scattered clouds,VE,0.0,0
229,Vila Franca Do Campo,37.72,-25.43,71.6,60,75,8.05,broken clouds,PT,0.0,0
230,Tank,32.22,70.38,105.87,21,0,10.83,clear sky,PK,0.0,0
231,Sakakah,29.97,40.21,98.6,8,0,18.34,clear sky,SA,0.0,0
232,Wajir,1.75,40.06,86.0,51,20,6.93,few clouds,KE,0.0,0
233,Kyshtovka,56.55,76.63,67.01,95,80,7.58,broken clouds,RU,0.0,0
234,Svetlyy Yar,48.47,44.78,86.0,42,20,8.95,few clouds,RU,0.0,0
235,Conde,-7.26,-34.91,84.2,70,75,14.99,broken clouds,BR,0.0,0
236,Half Moon Bay,37.46,-122.43,66.99,77,5,3.13,clear sky,US,0.0,0
237,Alta Floresta,-9.88,-56.09,93.2,36,0,10.29,clear sky,BR,0.0,0
238,Ust-Nera,64.57,143.2,53.98,58,100,0.81,light rain,RU,0.14,0
239,Chokurdakh,70.63,147.92,44.56,81,99,10.31,overcast clouds,RU,0.0,0
240,Bonnyville,54.27,-110.73,62.6,63,40,2.98,scattered clouds,CA,0.0,0
241,Mana,5.66,-53.78,82.92,76,72,5.91,moderate rain,GF,1.02,0
242,Bethel,41.37,-73.41,86.0,69,75,5.82,broken clouds,US,0.0,0
243,Road Town,18.42,-64.62,89.6,62,20,12.75,few clouds,VG,0.0,0
244,Beitbridge,-22.22,30.0,64.99,45,0,8.86,clear sky,ZW,0.0,0
245,Atar,20.52,-13.05,113.45,6,40,25.17,scattered clouds,MR,0.0,0
246,Georgetown,5.41,100.34,82.4,88,20,2.24,few clouds,MY,0.0,0
247,Ilulissat,69.22,-51.1,53.6,71,75,12.75,light rain,GL,0.0,0
248,Novoorsk,51.38,58.98,82.4,32,21,6.71,few clouds,RU,0.0,0
249,Sangar,63.92,127.47,62.8,55,66,11.03,broken clouds,RU,0.0,0
250,Anadyr,64.75,177.48,60.8,63,99,24.61,overcast clouds,RU,0.0,0
251,Papara,-3.98,-38.73,82.4,69,75,13.87,broken clouds,BR,0.0,0
252,Longyearbyen,78.22,15.64,48.2,76,75,12.75,light rain,SJ,0.0,0
253,Aden,12.78,45.04,88.63,68,77,7.96,broken clouds,YE,0.0,0
254,Scarborough,54.28,-0.4,55.99,87,76,6.76,broken clouds,GB,0.0,0
255,Smithers,54.78,-127.17,57.2,71,75,2.24,broken clouds,CA,0.0,0
256,Jiwani,25.05,61.74,87.04,79,97,21.83,overcast clouds,PK,0.0,0
257,Eyl,7.98,49.82,80.83,69,85,28.1,overcast clouds,SO,0.0,0
258,General Roca,-39.03,-67.58,57.2,35,100,16.11,overcast clouds,AR,0.0,0
259,North Myrtle Beach,33.82,-78.68,86.0,74,75,8.05,broken clouds,US,0.0,0
260,Sedniv,51.64,31.57,63.14,74,45,4.05,scattered clouds,UA,0.0,0
261,Culiacan,24.8,-107.39,87.01,70,75,5.82,broken clouds,MX,0.0,0
262,Sogne,58.08,7.82,66.99,51,20,11.41,few clouds,NO,0.0,0
263,Inyonga,-6.72,32.07,69.08,56,44,4.68,scattered clouds,TZ,0.0,0
264,Udachnyy,66.42,112.4,62.6,48,90,13.42,overcast clouds,RU,0.0,0
265,Yaan,7.38,8.57,79.11,87,76,4.61,light rain,NG,0.65,0
266,Rawson,-43.3,-65.1,41.11,88,100,27.42,moderate rain,AR,1.58,0
267,Yumen,40.28,97.2,71.67,22,0,10.09,clear sky,CN,0.0,0
268,Esperance,-33.87,121.9,48.2,76,90,4.7,overcast clouds,AU,0.0,0
269,Owando,-0.48,15.9,82.15,58,98,0.56,overcast clouds,CG,0.0,0
270,San Andres,12.58,-81.7,80.6,88,75,14.99,light intensity drizzle,CO,0.0,0
271,Dingle,11.0,122.67,77.79,87,62,2.62,light rain,PH,0.55,0
272,Sidi Ali,36.1,0.42,77.2,67,0,6.76,clear sky,DZ,0.0,0
273,Nouadhibou,20.93,-17.03,87.8,45,0,16.11,clear sky,MR,0.0,0
274,Jieshi,22.81,115.83,83.53,85,100,15.43,overcast clouds,CN,0.0,0
275,Hamilton,39.18,-84.53,93.0,55,40,3.42,thunderstorm,US,0.0,0
276,Lukulu,-14.37,23.24,68.47,30,0,3.65,clear sky,ZM,0.0,0
277,Luderitz,-26.65,15.16,60.8,72,91,13.87,overcast clouds,NA,0.0,0
278,Kahului,20.89,-156.47,73.99,86,2,8.99,clear sky,US,0.0,0
279,Mongo,12.18,18.69,79.68,66,96,7.7,light rain,TD,0.79,0
280,Mapiripan,2.89,-72.13,86.85,61,34,4.65,light rain,CO,0.19,0
281,Birao,10.28,22.79,75.87,81,98,2.26,overcast clouds,CF,0.0,0
282,Rundu,-17.93,19.77,75.2,25,0,2.24,clear sky,NA,0.0,0
283,Salihorsk,52.79,27.54,62.65,78,7,2.13,light rain,BY,0.11,0
284,Pindi Gheb,33.24,72.27,89.6,52,40,5.82,haze,PK,0.0,0
285,Yarensk,62.17,49.09,82.92,55,5,8.66,clear sky,RU,0.0,0
286,Kadoma,34.73,135.58,75.0,90,100,5.39,light rain,JP,0.57,0
287,Walvis Bay,-22.96,14.51,60.8,63,2,8.05,clear sky,NA,0.0,0
288,Maniitsoq,65.42,-52.9,43.05,96,100,24.63,heavy intensity rain,GL,4.01,0
289,Sola,-13.88,167.55,78.8,94,90,12.75,overcast clouds,VU,0.0,0
290,Boa Vista,2.82,-60.67,89.6,52,75,5.82,broken clouds,BR,0.0,0
291,Parabel,58.7,81.48,62.47,73,99,6.53,overcast clouds,RU,0.0,0
292,Isangel,-19.55,169.27,69.8,94,90,17.4,overcast clouds,VU,0.0,0
293,Wuwei,37.93,102.64,69.01,57,100,6.22,overcast clouds,CN,0.0,0
294,Nikko,36.75,139.62,71.01,94,100,3.27,overcast clouds,JP,0.0,0
295,Manta,-0.95,-80.73,76.24,73,94,10.54,overcast clouds,EC,0.0,0
296,Kirakira,-10.45,161.92,78.66,84,78,12.53,light rain,SB,0.36,0
297,Quatre Cocos,-20.21,57.76,71.6,60,20,16.11,few clouds,MU,0.0,0
298,Khalkhal,37.62,48.53,66.4,62,86,7.25,overcast clouds,IR,0.0,0
299,Isernia,41.6,14.24,87.01,52,68,1.01,broken clouds,IT,0.0,0
300,Kommunar,59.62,30.39,64.99,52,20,8.95,few clouds,RU,0.0,0
301,Tazovskiy,67.47,78.7,57.02,65,73,21.27,broken clouds,RU,0.0,0
302,Gazimurskiy Zavod,51.55,118.33,69.55,51,100,4.12,overcast clouds,RU,0.0,0
303,Morehead,37.27,-87.18,87.8,66,1,4.88,clear sky,US,0.0,0
304,Genhe,50.78,121.52,60.22,85,93,3.13,overcast clouds,CN,0.0,0
305,Kedrovyy,56.17,91.82,60.8,87,80,4.47,broken clouds,RU,0.0,0
306,Turayf,31.67,38.66,93.2,20,0,6.93,clear sky,SA,0.0,0
307,Cruz Grande,16.73,-99.13,84.2,66,75,4.7,broken clouds,MX,0.0,0
308,Gataivai,-13.77,-172.39,81.25,80,75,14.14,light rain,WS,0.13,0
309,Magistralnyy,56.17,107.45,58.68,78,91,2.35,overcast clouds,RU,0.0,0
310,Paredon,16.03,-93.87,87.22,68,97,5.64,overcast clouds,MX,0.0,0
311,Trairi,-3.28,-39.27,85.82,60,0,13.76,clear sky,BR,0.0,0
312,Tual,-5.67,132.75,79.16,85,92,20.33,overcast clouds,ID,0.0,0
313,Lethem,3.38,-59.8,86.67,62,64,3.67,light rain,GY,0.73,0
314,Gushi,34.64,109.58,83.84,53,99,5.48,overcast clouds,CN,0.0,0
315,Albina,5.5,-54.05,81.93,88,88,2.42,moderate rain,SR,2.4,0
316,Takoradi,4.88,-1.76,78.28,82,89,10.87,overcast clouds,GH,0.0,0
317,Mae Hong Son,19.3,97.97,76.48,80,100,2.04,overcast clouds,TH,0.0,0
318,Northam,51.03,-4.22,59.0,98,98,4.0,overcast clouds,GB,0.0,0
319,Najran,17.49,44.13,98.6,13,40,10.29,scattered clouds,SA,0.0,0
320,Pomerode,-26.74,-49.18,68.0,99,41,3.24,scattered clouds,BR,0.0,0
321,Asau,46.43,26.4,72.0,72,75,2.04,light rain,RO,0.14,0
322,Daru,-9.08,143.21,78.04,89,89,16.93,light rain,PG,0.4,0
323,Kitimat,54.05,-128.65,57.2,76,75,5.82,broken clouds,CA,0.0,0
324,Forrest City,35.01,-90.79,86.0,74,20,10.29,few clouds,US,0.0,0
325,Antofagasta,-23.65,-70.4,59.0,72,20,5.82,few clouds,CL,0.0,0
326,Ola,59.58,151.28,51.51,95,100,1.14,light rain,RU,0.32,0
327,Bella Union,-30.28,-57.6,56.08,63,0,6.17,clear sky,UY,0.0,0
328,Vikulovo,56.82,70.61,75.29,74,62,8.77,broken clouds,RU,0.0,0
329,Puerto Baquerizo Moreno,-0.9,-89.6,68.4,88,100,11.5,overcast clouds,EC,0.0,0
330,Grand Gaube,-20.01,57.66,71.01,64,43,5.99,scattered clouds,MU,0.0,0
331,Thornhill,55.23,-3.77,62.01,59,20,17.22,few clouds,GB,0.0,0
332,Antibes,43.56,7.13,81.0,57,0,5.82,clear sky,FR,0.0,0
333,Camacha,33.08,-16.33,73.4,69,20,14.99,few clouds,PT,0.0,0
334,Husavik,66.04,-17.34,51.8,66,75,31.09,broken clouds,IS,0.0,0
335,Katsuura,35.13,140.3,75.0,96,100,4.0,overcast clouds,JP,0.0,0
336,Ust-Ilimsk,58.0,102.66,59.11,67,100,3.89,overcast clouds,RU,0.0,0
337,Kapoeta,4.77,33.59,81.34,51,44,4.74,scattered clouds,SS,0.0,0
338,Qasigiannguit,68.82,-51.19,53.6,71,75,12.75,light rain,GL,0.0,0
339,Saint-Georges,12.06,-61.75,84.2,83,40,11.41,scattered clouds,GD,0.0,0
340,Harper,4.38,-7.72,78.06,80,93,11.63,overcast clouds,LR,0.0,0
341,Airai,-8.93,125.41,55.2,100,97,3.76,overcast clouds,TL,0.0,0
342,Teguldet,57.31,88.17,56.08,77,99,4.88,overcast clouds,RU,0.0,0
343,Oktyabrskoye,43.06,44.74,77.0,73,100,4.47,moderate rain,RU,2.24,0
344,Luganville,-15.53,167.17,77.0,83,90,4.7,overcast clouds,VU,0.0,0
345,Saint-Augustin,51.23,-58.65,57.74,91,100,14.27,overcast clouds,CA,0.0,0
346,Saint-Esteve,42.71,2.84,80.6,51,42,5.82,light rain,FR,0.53,0
347,Palauig,15.44,119.9,82.81,76,62,4.59,broken clouds,PH,0.0,0
348,Mayor Pablo Lagerenza,-19.93,-60.77,67.3,52,85,3.29,overcast clouds,PY,0.0,0
349,Kalabo,-14.97,22.68,68.11,27,0,2.89,clear sky,ZM,0.0,0
350,Uarini,-2.99,-65.11,87.8,74,40,9.17,scattered clouds,BR,0.0,0
351,Pacific Grove,36.62,-121.92,57.2,82,90,4.41,overcast clouds,US,0.0,0
352,Nouakchott,18.09,-15.98,86.0,70,37,16.11,dust,MR,0.0,0
353,Svetlyy,54.67,20.13,64.4,63,77,8.95,light rain,RU,0.55,0
354,Khanpur,28.65,70.66,102.85,28,6,16.53,clear sky,PK,0.0,0
355,Thinadhoo,0.53,72.93,85.01,67,100,3.56,overcast clouds,MV,0.0,0
356,Sabang,5.89,95.32,83.48,71,100,2.48,overcast clouds,ID,0.0,0
357,New Amsterdam,6.25,-57.52,83.89,73,96,5.95,light rain,GY,0.39,0
358,Helena,46.59,-112.04,63.0,51,1,3.36,clear sky,US,0.0,0
359,Richards Bay,-28.78,32.04,72.54,54,0,15.01,clear sky,ZA,0.0,0
360,Mnogovershinnyy,53.94,139.92,47.68,100,100,4.14,overcast clouds,RU,0.0,0
361,Tessalit,20.2,1.01,98.51,19,65,18.88,broken clouds,ML,0.0,0
362,Taltal,-25.4,-70.48,69.76,34,0,4.7,clear sky,CL,0.0,0
363,Ukiah,39.15,-123.21,75.0,43,1,3.36,clear sky,US,0.0,0
364,Loikaw,19.67,97.21,70.07,88,96,3.13,overcast clouds,MM,0.0,0
365,Houma,29.6,-90.72,93.0,66,40,8.05,scattered clouds,US,0.0,0
366,Hualmay,-11.1,-77.61,67.14,65,47,11.88,scattered clouds,PE,0.0,0
367,Fortuna,40.6,-124.16,57.99,100,90,5.82,overcast clouds,US,0.0,0
368,Amapa,1.0,-52.0,83.68,74,76,4.5,light rain,BR,0.69,0
369,Makakilo City,21.35,-158.09,77.0,78,20,3.36,few clouds,US,0.0,0
370,Chegem,43.28,43.13,73.4,64,75,6.71,broken clouds,RU,0.0,0
371,Luwuk,-0.95,122.79,76.57,80,71,4.88,broken clouds,ID,0.0,0
372,Diffa,13.32,12.61,99.95,22,88,2.98,overcast clouds,NE,0.0,0
373,Rio Verde De Mato Grosso,-18.92,-54.84,80.19,48,65,5.14,broken clouds,BR,0.0,0
374,Borogontsy,62.67,131.17,59.07,73,59,8.16,broken clouds,RU,0.0,0
375,Tuatapere,-46.13,167.68,43.99,82,88,7.74,overcast clouds,NZ,0.0,0
376,Marawi,8.0,124.29,75.0,89,68,5.99,broken clouds,PH,0.0,0
377,Puerto El Triunfo,13.28,-88.55,91.4,66,1,2.24,clear sky,SV,0.0,0
378,Eydhafushi,5.1,73.07,84.15,74,99,9.06,overcast clouds,MV,0.0,0
379,Hambantota,6.12,81.12,78.8,100,20,2.24,few clouds,LK,0.0,0
380,Gat,31.61,34.76,84.0,63,0,1.01,clear sky,IL,0.0,0
381,Looc,12.26,121.99,82.15,75,90,4.18,light rain,PH,0.59,0
382,Caronport,50.45,-105.82,59.0,87,90,19.46,overcast clouds,CA,0.0,0
383,The Valley,18.22,-63.06,89.6,62,75,17.22,haze,AI,0.0,0
384,Bengkulu,-3.8,102.27,76.3,89,100,9.26,light rain,ID,0.29,0
385,Tsogni,-2.79,10.1,74.05,80,12,7.58,few clouds,GA,0.0,0
386,Juneau,58.3,-134.42,55.0,93,90,11.41,light rain,US,0.25,0
387,Asyut,27.18,31.18,98.6,23,0,16.11,clear sky,EG,0.0,0
388,Bouca,6.51,18.27,72.9,95,98,2.37,light rain,CF,0.12,0
389,Phonhong,18.5,102.42,78.62,91,100,1.12,light rain,LA,0.13,0
390,Sile,41.18,29.61,75.99,53,1,8.99,clear sky,TR,0.0,0
391,Aksarka,66.56,67.8,57.49,69,0,7.99,clear sky,RU,0.0,0
392,Marrakesh,31.63,-8.01,98.6,17,0,9.17,clear sky,MA,0.0,0
393,Novo Aripuana,-5.12,-60.38,93.76,39,20,5.06,few clouds,BR,0.0,0
394,Viedma,-40.81,-63.0,52.02,45,100,27.18,overcast clouds,AR,0.0,0
395,Lagoa,39.05,-27.98,68.7,72,20,2.64,few clouds,PT,0.0,0
396,Moussoro,13.64,16.49,90.34,44,100,21.88,overcast clouds,TD,0.0,0
397,Port Blair,11.67,92.75,81.61,81,100,11.48,light rain,IN,0.6,0
398,Narsaq,60.92,-46.05,48.2,87,75,3.36,shower rain,GL,0.0,0
399,Tupaciguara,-18.59,-48.7,77.0,38,20,6.93,few clouds,BR,0.0,0
400,Kangaatsiaq,68.31,-53.46,44.42,96,100,12.46,moderate rain,GL,1.78,0
401,Luwingu,-10.26,29.93,69.51,53,16,8.1,few clouds,ZM,0.0,0
402,Axim,4.87,-2.24,78.01,83,93,10.33,overcast clouds,GH,0.0,0
403,Oltu,40.55,42.0,64.71,69,13,5.79,few clouds,TR,0.0,0
404,Kruisfontein,-34.0,24.73,61.29,55,45,15.14,scattered clouds,ZA,0.0,0
405,Kutum,14.2,24.67,84.49,35,74,13.42,broken clouds,SD,0.0,0
406,Nanhai,30.13,111.78,81.0,86,99,3.13,light rain,CN,0.33,0
407,Dakar,14.69,-17.44,86.0,66,40,16.11,scattered clouds,SN,0.0,0
408,Kibakwe,-6.72,36.37,66.11,83,36,5.79,light rain,TZ,0.15,0
409,Saint George,37.1,-113.58,89.01,8,1,3.36,clear sky,US,0.0,0
410,Codrington,-38.27,141.97,43.72,79,100,8.46,overcast clouds,AU,0.0,0
411,Coihaique,-45.58,-72.07,35.6,93,90,2.24,overcast clouds,CL,0.0,0
412,Awjilah,29.11,21.29,95.11,20,0,7.2,clear sky,LY,0.0,0
413,Ulagan,50.63,87.96,51.71,77,91,1.12,overcast clouds,RU,0.0,0
414,Chimbote,-9.09,-78.58,67.69,66,75,12.37,broken clouds,PE,0.0,0
415,Leeton,-34.57,146.4,50.0,93,40,6.93,scattered clouds,AU,0.0,0
416,La Romana,18.43,-68.97,91.4,52,40,13.87,scattered clouds,DO,0.0,0
417,Hohhot,40.81,111.65,69.8,77,32,2.24,scattered clouds,CN,0.0,0
418,Sosnovka,56.26,51.28,75.6,85,0,5.53,clear sky,RU,0.0,0
419,Puerto Madryn,-42.77,-65.04,41.58,84,100,31.54,moderate rain,AR,3.48,0
420,Novikovo,51.15,37.89,64.9,74,1,8.08,clear sky,RU,0.0,0
421,Lincoln,40.8,-96.67,80.01,61,1,12.75,clear sky,US,0.0,0
422,Berdigestyakh,62.1,126.7,64.65,59,100,9.31,overcast clouds,RU,0.0,0
423,Imeni Babushkina,59.76,43.13,59.86,88,97,6.96,overcast clouds,RU,0.0,0
424,Paamiut,61.99,-49.67,45.68,87,93,28.92,overcast clouds,GL,0.0,0
425,Panguipulli,-39.63,-72.33,55.4,100,90,23.04,heavy intensity rain,CL,0.0,0
426,Waddan,29.16,16.14,94.73,21,0,12.53,clear sky,LY,0.0,0
427,Taitung,22.76,121.14,82.89,62,100,0.6,overcast clouds,TW,0.0,0
428,Nizhniy Baskunchak,48.22,46.83,84.24,46,100,13.13,overcast clouds,RU,0.0,0
429,Salym,60.06,71.48,64.9,96,91,8.28,overcast clouds,RU,0.0,0
430,Lusambo,-4.97,23.45,83.77,29,2,1.68,clear sky,CD,0.0,0
431,Bambanglipuro,-7.95,110.28,75.16,85,27,7.16,scattered clouds,ID,0.0,0
432,Florianopolis,-27.61,-48.5,69.01,55,34,8.05,scattered clouds,BR,0.0,0
433,Sobolevo,54.43,31.9,58.37,83,1,6.02,light rain,RU,0.12,0
434,Luhyny,51.08,28.4,64.47,70,6,2.86,clear sky,UA,0.0,0
435,San Patricio,19.22,-104.7,87.8,74,40,11.41,scattered clouds,MX,0.0,0
436,Basco,20.45,121.97,84.15,80,100,8.32,overcast clouds,PH,0.0,0
437,Nome,64.5,-165.41,52.0,87,75,6.93,broken clouds,US,0.0,0
438,Grand-Santi,4.25,-54.38,88.57,62,98,1.77,light rain,GF,0.44,0
439,Redcliffe,-27.23,153.1,57.0,100,75,5.82,broken clouds,AU,0.0,0
440,Ishigaki,24.34,124.16,84.58,82,100,23.17,overcast clouds,JP,0.0,0
441,Baculin,7.45,126.58,79.12,77,83,4.97,light rain,PH,0.42,0
442,Ponta Do Sol,32.67,-17.1,75.2,69,20,6.93,few clouds,PT,0.0,0
443,Jurado,7.11,-77.76,85.33,64,88,5.61,overcast clouds,CO,0.0,0
444,Mizdah,31.45,12.98,92.84,16,0,12.64,clear sky,LY,0.0,0
445,Akyab,20.15,92.9,82.45,83,99,12.1,light rain,MM,0.26,0
446,Parnarama,-5.68,-43.09,93.54,34,81,5.26,broken clouds,BR,0.0,0
447,Shubarkuduk,49.14,56.49,81.95,34,1,14.54,clear sky,KZ,0.0,0
448,Mount Isa,-20.73,139.5,55.4,66,5,10.16,clear sky,AU,0.0,0
449,Berlevag,70.86,29.09,48.2,93,75,14.99,broken clouds,NO,0.0,0
450,Novyy Urengoy,66.08,76.63,60.28,54,72,19.8,broken clouds,RU,0.0,0
451,Nueve De Julio,-35.44,-60.88,62.01,36,28,1.99,scattered clouds,AR,0.0,0
452,Naron,43.52,-8.15,71.01,72,20,9.17,few clouds,ES,0.0,0
453,Tubuala,9.52,-79.03,84.2,70,40,4.7,scattered clouds,PA,0.0,0
454,Guarapuava,-25.4,-51.46,59.4,41,35,3.65,scattered clouds,BR,0.0,0
455,Ebersberg,48.08,11.97,82.99,34,60,8.05,broken clouds,DE,0.0,0
456,Huarmey,-10.07,-78.15,67.86,64,36,12.53,scattered clouds,PE,0.0,0
457,Aberdeen,57.14,-2.1,55.4,87,20,4.7,few clouds,GB,0.0,0
458,Wonthaggi,-38.6,145.59,46.99,91,100,6.98,overcast clouds,AU,0.0,0
459,Tabat,-2.63,115.23,73.36,96,100,1.63,overcast clouds,ID,0.0,0
460,Betare Oya,5.6,14.08,72.54,91,91,2.06,moderate rain,CM,1.19,0
461,Arrifes,37.77,-25.7,71.6,60,75,8.05,broken clouds,PT,0.0,0
462,Silleda,42.7,-8.25,86.0,53,20,14.99,few clouds,ES,0.0,0
463,Rio Grande,-32.03,-52.1,55.4,62,20,13.87,few clouds,BR,0.0,0
464,Vorukh,39.85,70.58,66.74,45,100,11.5,light rain,TJ,0.41,0
465,Taksimo,56.34,114.88,62.55,67,66,1.28,broken clouds,RU,0.0,0
466,Belmonte,-15.86,-38.88,78.8,69,40,9.17,scattered clouds,BR,0.0,0
467,San Jose De Rio Tinto,14.93,-85.7,86.5,50,99,3.27,overcast clouds,HN,0.0,0
468,Pahrump,36.21,-115.98,87.01,14,0,5.99,clear sky,US,0.0,0
469,Alofi,-19.06,-169.92,73.4,94,80,6.93,light rain,NU,0.5,0
470,Banyo,6.75,11.82,72.03,89,61,1.05,moderate rain,CM,1.91,0
471,Yulin,22.63,110.15,79.39,91,99,6.49,overcast clouds,CN,0.0,0
472,Volsk,52.03,47.38,74.19,64,49,1.48,light rain,RU,0.22,0
473,Salalah,17.02,54.09,84.2,83,75,8.05,broken clouds,OM,0.0,0
474,Andilamena,-17.02,48.58,54.79,91,35,10.63,scattered clouds,MG,0.0,0
475,Merauke,-8.47,140.33,78.01,87,87,15.97,moderate rain,ID,1.17,0
476,Tombouctou,20.0,-3.0,101.61,21,58,24.54,broken clouds,ML,0.0,0
477,Mareeba,-17.0,145.43,70.0,93,48,1.01,scattered clouds,AU,0.0,0
478,Itarema,-2.92,-39.92,85.55,61,4,14.58,clear sky,BR,0.0,0
479,Ouro Preto Do Oeste,-10.75,-62.22,88.52,44,0,5.1,clear sky,BR,0.0,0
480,Ceres,37.59,-120.96,75.2,38,1,8.05,clear sky,US,0.0,0
481,Ha Tinh,18.33,105.9,86.99,64,100,9.51,overcast clouds,VN,0.0,0
482,Pasighat,28.07,95.33,76.68,88,100,2.95,moderate rain,IN,2.41,0
483,Vallenar,-28.57,-70.76,80.33,12,0,5.35,clear sky,CL,0.0,0
484,Hirara,24.8,125.28,84.47,84,100,20.22,overcast clouds,JP,0.0,0
485,Karratha,-20.74,116.85,67.75,25,0,8.43,clear sky,AU,0.0,0
486,Aksaray,38.37,34.03,78.8,39,20,18.34,few clouds,TR,0.0,0
487,Svetlaya,46.54,138.33,57.38,93,99,7.36,overcast clouds,RU,0.0,0
488,Muravlenko,63.79,74.52,58.23,61,5,16.42,clear sky,RU,0.0,0
489,Teocaltiche,21.43,-102.58,66.2,63,75,13.87,broken clouds,MX,0.0,0
490,Banda Aceh,5.56,95.32,80.2,74,100,3.51,overcast clouds,ID,0.0,0
491,Toora-Khem,52.47,96.11,51.96,86,61,1.05,broken clouds,RU,0.0,0
492,Ludvika,60.15,15.19,63.0,51,78,6.93,broken clouds,SE,0.0,0
493,Muzhi,65.37,64.67,66.07,62,35,10.33,scattered clouds,RU,0.0,0
494,Bilma,18.69,12.92,103.91,12,65,6.96,broken clouds,NE,0.0,0
495,Dicabisagan,17.08,122.42,80.98,79,59,7.54,broken clouds,PH,0.0,0
496,Araouane,18.9,-3.53,98.8,24,59,16.64,light rain,ML,0.11,0
497,Hirado,33.36,129.55,77.0,95,100,5.99,light rain,JP,0.65,0
498,Yatou,37.15,122.38,68.95,85,100,3.18,overcast clouds,CN,0.0,0
499,Batagay-Alyta,67.8,130.41,49.28,85,66,0.92,broken clouds,RU,0.0,0
500,Rocha,-34.48,-54.33,52.32,64,9,16.53,clear sky,UY,0.0,0
501,Qaqortoq,60.72,-46.03,48.2,87,75,3.36,shower rain,GL,0.0,0
502,Jermuk,39.84,45.67,58.28,75,82,5.57,light rain,AM,0.53,0
503,Tezu,27.92,96.17,75.76,87,100,3.69,heavy intensity rain,IN,4.39,0
504,Mayo,38.89,-76.51,86.0,74,40,5.82,scattered clouds,US,0.0,0
505,Bonavista,48.65,-53.11,54.0,85,97,5.01,overcast clouds,CA,0.0,0
506,Changji,44.02,87.32,80.6,36,99,6.71,overcast clouds,CN,0.0,0
507,Sibolga,1.74,98.78,78.33,71,99,1.72,overcast clouds,ID,0.0,0
508,Sur,22.57,59.53,91.67,49,100,11.3,overcast clouds,OM,0.0,0
509,Tokur,53.13,132.9,48.76,95,33,1.34,scattered clouds,RU,0.0,0
510,Voyvozh,62.89,54.96,79.68,62,0,6.11,clear sky,RU,0.0,0
511,Kiama,-34.68,150.87,55.99,82,100,3.83,overcast clouds,AU,0.0,0
512,Kuusamo,65.97,29.18,62.6,59,100,6.93,thunderstorm,FI,0.0,0
513,Las Matas De Farfan,18.87,-71.52,88.3,47,16,11.39,few clouds,DO,0.0,0
514,Havelock,34.88,-76.9,84.0,88,90,14.99,light rain,US,0.25,0
515,Zhuhai,22.28,113.57,87.01,89,20,8.05,few clouds,CN,0.0,0
516,George Town,5.41,100.34,82.4,88,20,2.24,few clouds,MY,0.0,0
517,Kursumlija,43.15,21.27,82.4,42,0,9.17,clear sky,RS,0.0,0
518,Lata,40.16,-8.33,84.0,61,0,5.01,clear sky,PT,0.0,0
519,Poum,-20.23,164.02,69.24,70,15,10.89,few clouds,NC,0.0,0
520,Karasburg,-28.02,18.75,54.16,50,80,10.47,broken clouds,NA,0.0,0
521,Athabasca,54.72,-113.29,67.1,66,44,5.79,light rain,CA,0.41,0
522,Vao,-22.67,167.48,67.62,75,16,23.87,few clouds,NC,0.0,0
523,Shaunavon,49.65,-108.42,62.78,59,9,11.95,clear sky,CA,0.0,0
524,Dawei,14.08,98.2,79.09,86,100,1.05,overcast clouds,MM,0.0,0
525,Chopinzinho,-25.86,-52.52,58.33,60,0,4.43,clear sky,BR,0.0,0
526,Sapernoye,60.72,29.95,63.0,58,0,8.72,clear sky,RU,0.0,0
527,Borba,-4.39,-59.59,93.54,40,69,4.74,broken clouds,BR,0.0,0
528,Shimoda,34.67,138.95,70.0,93,100,1.01,overcast clouds,JP,0.0,0
529,Hovd,48.01,91.64,61.43,52,9,2.57,clear sky,MN,0.0,0
530,Forbes,-33.38,148.02,52.0,94,100,1.99,overcast clouds,AU,0.0,0
531,Rio Branco,-9.97,-67.81,80.6,78,75,13.87,broken clouds,BR,0.0,0
532,Rehoboth,-23.32,17.08,60.84,30,0,14.07,clear sky,NA,0.0,0
533,Storforshei,66.4,14.52,57.2,67,75,2.24,light intensity shower rain,NO,0.0,0
534,Dunedin,-45.87,170.5,46.0,84,63,1.99,broken clouds,NZ,0.0,0
535,Khani,41.96,42.96,75.2,73,75,6.93,broken clouds,GE,0.0,0
536,Aasiaat,68.71,-52.87,41.94,98,100,9.62,moderate rain,GL,1.58,0
537,Nelson Bay,-32.72,152.15,54.0,100,96,7.18,overcast clouds,AU,0.0,0
538,Orlik,52.52,99.83,50.4,69,86,1.81,overcast clouds,RU,0.0,0
539,Blagoyevo,63.37,47.92,83.71,48,19,10.69,few clouds,RU,0.0,0
540,Oranjemund,-28.55,16.43,57.79,68,43,15.73,scattered clouds,NA,0.0,0
541,Bitaogan,6.77,126.08,80.11,78,52,2.86,light rain,PH,0.36,0
542,Okato,-39.2,173.88,37.99,64,0,8.99,clear sky,NZ,0.0,0
543,Xining,36.62,101.77,57.61,61,100,2.62,overcast clouds,CN,0.0,0
544,Kosh-Agach,50.0,88.67,52.57,61,96,2.89,overcast clouds,RU,0.0,0
545,Almaznyy,48.04,40.05,77.0,47,26,11.18,scattered clouds,RU,0.0,0
546,Banjar,-8.19,114.97,78.8,100,40,10.29,scattered clouds,ID,0.0,0
547,Catuday,16.29,119.81,82.56,77,73,5.46,broken clouds,PH,0.0,0
548,Sisimiut,66.94,-53.67,44.49,93,100,8.79,moderate rain,GL,1.27,0
549,Abay,49.63,72.85,64.4,72,42,4.47,scattered clouds,KZ,0.0,0
550,Mujiayingzi,42.12,118.78,63.77,70,93,2.59,overcast clouds,CN,0.0,0
551,Saharsa,25.88,86.6,82.98,83,100,5.1,light rain,IN,0.13,0
552,Rockport,28.02,-97.05,89.6,66,75,11.41,broken clouds,US,0.0,0
553,Sao Jose Da Coroa Grande,-8.9,-35.15,79.54,78,46,7.72,light rain,BR,0.15,0
554,Atambua,-9.11,124.89,68.67,90,91,6.15,overcast clouds,ID,0.0,0
555,Grants,35.15,-107.85,82.4,14,1,12.75,clear sky,US,0.0,0
556,Kuching,1.55,110.33,75.2,94,40,6.93,scattered clouds,MY,0.0,0
557,Cairns,-16.92,145.77,70.0,94,75,11.41,light intensity shower rain,AU,4.06,0
558,Talnakh,69.49,88.4,62.6,72,3,24.61,clear sky,RU,0.0,0
559,Porto Novo,6.5,2.6,78.8,88,40,11.41,scattered clouds,BJ,0.0,0
560,Miles City,46.41,-105.84,68.0,49,1,3.36,clear sky,US,0.0,0
561,Dubai,25.26,55.3,98.01,67,55,10.29,broken clouds,AE,0.0,0
